pl_name,pl_rade,pl_bmasse
"Kepler-6 b",14.61653600,212.31044000
"Kepler-32 c",2.00000000,158.90000000
"Kepler-29 c",2.34000000,4.50000000
"Kepler-20 c",2.89400000,11.10000000
"Kepler-52 b",2.10000000,135.00000000
"K2-280 b",7.50000000,37.10000000
"K2-222 b",2.27500000,7.50000000
"K2-216 b",1.75000000,8.00000000
"K2-295 b",10.05447300,106.47305000
"K2-157 b",0.93500000,1.14000000
"EPIC 201595106 b",1.56500000,7.67000000
"K2-263 b",2.51300000,15.40000000
"EPIC 229004835 b",2.33200000,10.40000000
"G 9-40 b",1.90000000,4.00000000
"HD 80653 b",1.62100000,5.61000000
"Kepler-21 b",1.63900000,7.50000000
"Kepler-8 b",15.87194400,187.51970000
"HD 73344 b",2.88400000,10.48000000
"2MASS J12073346-3932539 b",15.69257298,1652.70771640
"55 Cnc e",1.87500000,7.99000000
"CoRoT-10 b",10.87000000,874.00000000
"CoRoT-11 b",16.03000000,740.51000000
"CoRoT-12 b",16.14000000,291.43800000
"CoRoT-13 b",9.92000000,415.70400000
"CoRoT-14 b",12.22000000,2415.40000000
"CoRoT-17 b",11.43000000,772.29000000
"CoRoT-18 b",14.68000000,1102.82000000
"CoRoT-19 b",14.46000000,352.78000000
"CoRoT-1 b",16.70000000,327.35000000
"CoRoT-23 b",11.77000000,889.90000000
"CoRoT-2 b",16.43200000,1102.82000000
"CoRoT-3 b",11.32000000,6883.91000000
"CoRoT-4 b",13.34000000,228.83000000
"CoRoT-5 b",15.55800000,148.42000000
"CoRoT-6 b",13.06800000,940.74000000
"CoRoT-7 b",1.68135000,4.07660518
"Kepler-24 c",2.51400000,9.99000000
"CoRoT-8 b",6.39000000,69.92000000
"CoRoT-9 b",11.94879400,266.97720000
"CT Cha b",24.66000000,5403.00000000
"GJ 1214 b",2.73300000,8.41000000
"GJ 436 b",4.17000000,22.10000000
"GQ Lup b",33.60000000,6356.00000000
"HAT-P-12 b",10.74900000,67.05900000
"HAT-P-13 b",14.25800000,270.46200000
"HAT-P-14 b",15.91678000,1093.33520000
"HAT-P-15 b",11.88154000,616.59020000
"HAT-P-17 b",11.76945000,184.34140000
"HAT-P-18 b",11.15300000,62.61000000
"HAT-P-19 b",11.29865255,88.03846874
"HAT-P-1 b",14.78467100,166.86075000
"HAT-P-20 b",9.71800000,2302.89900000
"HAT-P-21 b",12.44199000,1547.83210000
"HAT-P-22 b",12.89035000,785.04010000
"HAT-P-23 b",15.33400000,664.23700000
"HAT-P-24 b",14.57170000,238.37250000
"HAT-P-25 b",12.72221500,180.84527000
"HAT-P-26 b",7.06167000,22.24810000
"HAT-P-27 b",11.43000000,197.05000000
"HAT-P-28 b",13.58500000,198.95300000
"HAT-P-29 b",13.11453000,279.69040000
"HAT-P-30 b",16.14096000,263.79890000
"HAT-P-31 b",12.21781000,721.47410000
"HAT-P-32 b",22.19382000,216.12440000
"HAT-P-33 b",20.73665000,292.40360000
"HAT-P-34 b",13.41717300,1058.37390000
"HAT-P-35 b",14.93038800,335.62848000
"HAT-P-36 b",14.31389300,587.41340600
"HAT-P-37 b",13.20400000,371.52800000
"HAT-P-3 b",10.53646000,206.58950000
"HAT-P-4 b",14.28000000,213.25500000
"HAT-P-5 b",13.56289000,311.47340000
"HAT-P-6 b",16.58932000,419.53560000
"HAT-P-8 b",15.69260000,406.82240000
"HAT-P-9 b",15.61413700,238.05467000
"HD 118203 b",12.77823800,680.15279098
"HD 136352 b",1.66400000,4.72000000
"HD 136352 c",2.91600000,11.24000000
"HD 136352 d",2.56200000,8.82000000
"HD 149026 b",8.29466000,120.77540000
"HD 17156 b",12.26262489,1036.12060682
"HD 189733 b",12.66617000,359.14790000
"HD 209458 b",15.58051000,232.01590000
"HD 80606 b",11.56766808,1323.46926959
"HD 97658 b",2.12000000,8.30000000
"HR 8799 b",13.00000000,2000.00000000
"HR 8799 c",13.00000000,3000.00000000
"HR 8799 d",13.00000000,3000.00000000
"HR 8799 e",13.11453000,3178.30000000
"Lupus-TR-3 b",9.97600000,257.43100000
"OGLE2-TR-L9 b",18.04600000,1430.17500000
"OGLE-TR-10 b",14.01100000,197.04600000
"OGLE-TR-113 b",12.25100000,400.44900000
"OGLE-TR-132 b",13.45000000,375.02000000
"OGLE-TR-182 b",12.66600000,320.99500000
"OGLE-TR-211 b",15.24400000,327.35100000
"OGLE-TR-56 b",15.27800000,441.77000000
"Qatar-1 b",12.81188700,411.27202000
"Qatar-2 b",14.05600000,792.63500000
"SWEEPS-4 b",9.07900000,1207.70000000
"SWEEPS-11 b",12.66600000,3082.82000000
"TrES-1 b",12.66617000,266.97720000
"TrES-3 b",14.97500000,607.03000000
"TrES-4 b",18.04649000,247.90740000
"TrES-5 b",13.38354600,568.91570000
"WASP-10 b",12.10600000,1001.12000000
"WASP-11 b",12.44199000,251.08570000
"WASP-13 b",13.67498000,114.41880000
"WASP-14 b",15.46842000,2809.61720000
"WASP-15 b",15.80469000,171.62820000
"WASP-16 b",13.67498000,394.10920000
"WASP-17 b",20.96083000,247.90740000
"WASP-18 b",13.89913607,3241.84975140
"WASP-19 b",15.86070769,366.77398168
"WASP-1 b",16.62300000,271.41500000
"WASP-21 b",11.99000000,95.34500000
"WASP-22 b",13.78707000,212.94610000
"WASP-24 b",15.46842000,394.10920000
"WASP-25 b",13.80946422,179.25522155
"WASP-26 b",13.56289000,270.15550000
"WASP-28 b",13.66374747,282.54945382
"WASP-29 b",8.63093000,73.10090000
"WASP-2 b",12.11692900,295.89973000
"WASP-31 b",17.36300000,151.91600000
"WASP-32 b",10.76064000,835.89290000
"WASP-33 b",17.85593700,665.21819000
"WASP-34 b",11.20900000,177.98480000
"WASP-35 b",14.57170000,225.65930000
"WASP-36 b",14.87434300,750.39663000
"WASP-37 b",13.00200000,572.07000000
"WASP-38 b",13.78707000,1093.33520000
"WASP-39 b",14.33631100,89.31023000
"WASP-3 b",15.91678000,772.32690000
"WASP-41 b",12.32990000,270.15550000
"WASP-43 b",10.42400000,565.71400000
"WASP-44 b",12.32990000,276.51210000
"WASP-45 b",10.60371400,306.38812000
"WASP-46 b",13.15936600,607.05530000
"WASP-48 b",16.81350000,254.26400000
"WASP-4 b",15.12091496,381.39408840
"WASP-50 b",13.06969400,466.82870400
"WASP-5 b",12.18400000,502.15000000
"WASP-6 b",12.54284940,148.42586607
"WASP-7 b",14.90797000,305.11680000
"WASP-8 b",12.66617000,807.28820000
"XO-1 b",12.77826000,263.79890000
"XO-3 b",14.79585452,4217.58296089
"XO-4 b",14.01125000,451.31860000
"XO-5 b",12.78000000,378.20000000
"CoRoT-16 b",13.11000000,170.03200000
"HN Peg b",11.77680000,6991.57000000
"Ross 458 c",14.01125000,1906.98000000
"WASP-23 b",10.78300000,280.95000000
"KOI-55 b",0.75900000,0.44000000
"KOI-55 c",0.86700000,0.65500000
"HATS-1 b",14.59400000,589.55000000
"WASP-78 b",21.63337000,352.79130000
"WASP-79 b",17.14974047,270.15414595
"KELT-1 b",12.44200000,8654.15000000
"KELT-2 A b",15.13215000,540.31100000
"Kepler-36 b",1.49800000,3.83000000
"GJ 3470 b",4.57000000,13.90000000
"HAT-P-39 b",17.60900000,190.37200000
"HAT-P-40 b",17.03768000,152.55840000
"HAT-P-41 b",22.97845000,378.21770000
"WASP-42 b",12.57649800,167.49641000
"WASP-47 b",12.86000000,374.00000000
"WASP-49 b",12.44199000,117.59710000
"WASP-55 b",14.72860064,186.24744650
"WASP-61 b",15.80469000,851.78440000
"WASP-62 b",14.79588000,165.27160000
"WASP-63 b",15.80469000,117.59710000
"WASP-66 b",15.69260000,746.90050000
"WASP-67 b",12.89035000,136.66690000
"HAT-P-38 b",9.24700000,84.85700000
"Kepler-47 b",3.05000000,2.07000000
"Kepler-47 c",4.65000000,3.17000000
"WTS-1 b",16.70000000,1274.44000000
"WASP-54 b",17.71022000,187.51970000
"WASP-56 b",10.53646000,143.02350000
"WASP-57 b",11.76945000,204.68252000
"WASP-52 b",14.24000000,146.20000000
"WASP-58 b",16.02887000,308.29510000
"WASP-59 b",8.68700000,274.27600000
"WASP-60 b",9.86392000,174.80650000
"kap And b",15.91675259,5498.43144110
"WASP-64 b",14.24700000,403.94500000
"WASP-72 b",14.45961000,731.00900000
"WASP-80 b",11.19779100,170.99254000
"WASP-71 b",13.22662000,441.78370000
"PH1 b",6.18000000,169.00000000
"KELT-3 b",17.48604000,616.59020000
"Kepler-78 b",1.20100000,1.68000000
"HD 203030 b",14.45958510,3496.11247700
"WD 0806-661 b",12.10569916,2224.79884900
"POTS-1 b",10.54800000,734.16000000
"HATS-2 b",12.57647635,435.42491759
"HATS-3 b",15.48000000,340.38200000
"WASP-65 b",12.46400000,492.62000000
"WASP-75 b",14.23500000,340.06000000
"HAT-P-42 b",14.34800000,331.80100000
"WISEP J121756.91+162640.2 A b",10.46800000,6992.00000000
"CoRoT-27 b",11.28700000,3302.11000000
"WASP-103 b",17.12700000,473.54700000
"KELT-6 b",14.57170000,165.27160000
"Kepler-413 b",4.34700000,67.00000000
"HAT-P-49 b",17.82231000,699.22600000
"WTS-2 b",15.27786700,355.96960000
"WASP-68 b",14.79588000,343.25640000
"WASP-73 b",15.91678000,908.99380000
"WASP-88 b",16.36514000,133.48860000
"WASP-95 b",13.78707000,457.67520000
"WASP-96 b",13.45000000,152.55000000
"WASP-97 b",12.77826000,432.24880000
"WASP-98 b",12.82309600,293.03926000
"WASP-99 b",11.43318000,772.32690000
"WASP-100 b",14.90797000,400.46580000
"WASP-101 b",16.02887000,162.09330000
"CoRoT-25 b",12.11000000,85.81000000
"CoRoT-26 b",14.12000000,165.26000000
"HAT-P-44 b",13.92200000,111.87100000
"HAT-P-45 b",15.98400000,283.49200000
"HAT-P-46 b",14.39200000,156.68400000
"GU Psc b",14.17900000,3591.30000000
"HATS-5 b",10.22300000,75.32300000
"CoRoT-24 b",3.70000000,5.70000000
"CoRoT-24 c",5.00000000,28.00000000
"HATS-4 b",11.43300000,420.47100000
"CoRoT-22 b",4.88000000,12.20000000
"Kepler-412 b",15.03126900,299.07803000
"WASP-117 b",11.88154000,95.34900000
"WASP-104 b",12.74500000,404.26300000
"WASP-106 b",12.10569916,613.40882551
"WASP-94 A b",17.71022000,158.91500000
"WASP-69 b",11.21000000,82.58000000
"WASP-70 A b",13.04700000,187.51200000
"WASP-84 b",10.72000000,220.00000000
"Kepler-289 d",3.03000000,5.33000000
"HIP 116454 b",2.46900000,9.70000000
"WASP-82 b",18.15858000,371.86110000
"K2-3 b",2.07800000,5.11000000
"K2-3 c",1.58200000,2.68000000
"K2-3 d",1.45800000,2.20000000
"CoRoT-28 b",10.70459500,153.82972000
"CoRoT-29 b",10.08810000,270.15550000
"HAT-P-54 b",10.58129600,241.55080000
"HD 100546 b",77.34210000,2701.54145950
"HATS-6 b",11.18658200,101.38777000
"VHS J125601.92-125723.9 b",13.67495645,5085.25451200
"2MASS J02192210-3925225 b",16.14096000,4417.83700000
"HATS-10 b",10.86152100,167.17858000
"KELT-7 b",17.93440000,441.78370000
"HAT-P-55 b",14.84069045,189.42573057
"HATS-8 b",9.78545700,43.86054000
"WASP-74 b",15.24424000,228.83760000
"WASP-83 b",11.65736000,95.34900000
"WASP-89 b",11.65736000,1875.19700000
"K2-19 b",7.00000000,30.80000000
"K2-19 c",4.10000000,11.00000000
"K2-10 b",3.77300000,25.20000000
"K2-12 b",2.44000000,5.20000000
"K2-18 b",2.37000000,8.92000000
"HAT-P-56 b",16.92559000,734.18730000
"HD 219134 b",1.60200000,4.74000000
"HD 219134 c",1.51100000,4.36000000
"HD 219134 d",1.61000000,16.17000000
"HATS-13 b",13.58530800,172.58169000
"HATS-14 b",11.64615100,340.39593000
"KELT-8 b",18.15858000,209.76780000
"WASP-47 d",3.65000000,15.50000000
"WASP-47 e",1.83000000,9.00000000
"Kepler-453 b",6.20400000,16.00000000
"HAT-P-57 b",19.50366000,448.14030000
"GJ 1132 b",1.19151465,1.83704819
"HAT-P-50 b",14.43719200,429.07050000
"HAT-P-51 b",13.50682174,97.57332095
"HAT-P-52 b",11.30988100,259.98494000
"HAT-P-53 b",14.77346200,471.65972000
"HD 219134 f",1.31000000,7.30000000
"WASP-135 b",14.57170000,603.87700000
"K2-25 b",3.44000000,24.50000000
"WASP-76 b",20.78145022,284.13859586
"WASP-90 b",18.27067000,200.23290000
"KELT-4 A b",19.04409100,286.68266000
"KELT-14 b",19.53728700,408.09372000
"KELT-15 b",19.50366000,416.35730000
"K2-29 b",13.33871000,232.01590000
"HATS-17 b",8.70939300,425.25654000
"K2-30 b",11.64615100,184.02357000
"KELT-10 b",15.68139100,215.80657000
"TRAPPIST-1 b",1.11600000,1.37400000
"TRAPPIST-1 c",1.09700000,1.30800000
"TRAPPIST-1 d",0.78800000,0.38800000
"WASP-119 b",15.69260000,390.93090000
"WASP-124 b",13.89916000,190.69800000
"WASP-129 b",10.42437000,317.83000000
"WASP-133 b",13.56289000,368.68280000
"Kepler-1647 b",11.87390000,483.00000000
"HATS-25 b",14.12334000,194.82979000
"HATS-26 b",19.61575000,206.58950000
"HATS-27 b",16.81350000,168.44990000
"HATS-28 b",13.38354600,213.58176000
"HATS-29 b",14.02245900,207.54299000
"HATS-30 b",13.17057500,224.38798000
"WASP-121 b",19.52604438,371.85923619
"HATS-15 b",12.38594500,689.69110000
"HATS-16 b",14.57170000,1039.30410000
"K2-38 b",1.54000000,7.30000000
"K2-38 c",2.29000000,8.30000000
"HIP 41378 b",2.64000000,6.90000000
"HIP 41378 c",2.74000000,5.97000000
"HIP 41378 d",3.65000000,6.53000000
"HIP 41378 e",5.19000000,7.62000000
"HIP 41378 f",9.47000000,25.00000000
"WASP-113 b",15.79348100,150.96925000
"WASP-114 b",15.00885100,562.24127000
"BD+20 594 b",2.57807000,22.24810000
"HD 3167 b",1.60100000,4.84400000
"HD 3167 c",2.98300000,11.41000000
"KELT-17 b",17.09372500,416.35730000
"WASP-92 b",16.37634900,255.85315000
"WASP-93 b",17.90077300,467.21010000
"WASP-118 b",16.14096000,163.36462000
"HAT-P-65 b",18.05766791,176.07693748
"HAT-P-66 b",17.82231000,248.86089000
"HATS-18 b",14.89676100,629.14448500
"WASP-130 b",9.97601000,390.93090000
"WASP-131 b",13.74221034,86.76715511
"WASP-132 b",10.09929161,136.03055820
"WASP-139 b",8.96720000,37.18611000
"WASP-141 b",13.56289000,854.96270000
"WASP-142 b",17.14977000,266.97720000
"HATS-31 b",18.38276000,279.69040000
"HATS-32 b",14.00004100,292.40360000
"HATS-33 b",13.78707000,378.85336000
"HATS-34 b",16.02887000,299.07803000
"Kepler-418 b",13.45000000,349.61124770
"HATS-35 b",16.40997600,388.38826000
"WASP-127 b",14.69499900,52.34660100
"WASP-138 b",12.21781000,387.75260000
"XO-6 b",23.20263000,1398.45200000
"EPIC 220674823 b",1.60600000,7.54000000
"EPIC 220674823 c",2.71200000,7.90000000
"WASP-53 b",12.03846600,677.61356000
"WASP-81 b",16.01766100,231.69807000
"KELT-16 b",15.86073500,874.03250000
"TRAPPIST-1 e",0.92000000,0.69200000
"TRAPPIST-1 f",1.04500000,1.03900000
"TRAPPIST-1 g",1.12900000,1.32100000
"TRAPPIST-1 h",0.75500000,0.32600000
"HD 106315 b",2.44000000,12.60000000
"HD 106315 c",4.35000000,15.20000000
"HATS-22 b",10.68217700,870.85420000
"HATS-23 b",20.84874000,467.21010000
"HATS-24 b",15.63655500,718.29580000
"HAT-P-67 b",23.98721870,143.02278315
"Qatar-3 b",12.28506400,1369.84730000
"Qatar-4 b",12.72221500,1938.76300000
"Qatar-5 b",12.40836300,1373.02560000
"LHS 1140 b",1.73000000,5.60000000
"KELT-18 b",17.59813000,375.03940000
"KELT-12 b",19.95202000,301.93850000
"KELT-11 b",15.13212395,65.15482343
"KELT-9 b",21.70058664,915.34581216
"HIP 65426 b",16.81350000,2860.47000000
"WASP-167 b",17.71022000,2542.64000000
"WASP-91 b",11.54527000,425.89220000
"WASP-105 b",10.76064000,572.09400000
"CoRoT-32 b",6.38913000,47.67450000
"K2-131 b",1.69000000,7.90000000
"K2-132 b",14.57170000,155.73670000
"WASP-151 b",13.30506009,100.43377661
"WASP-153 b",17.37395000,123.95370000
"WASP-156 b",6.15000000,42.00000000
"GJ 9827 b",1.44000000,4.28000000
"GJ 9827 c",1.13000000,1.86000000
"GJ 9827 d",1.98000000,3.02000000
"KELT-20 b",19.51486900,1074.90106000
"NGTS-1 b",14.90797000,258.07796000
"K2-136 b",1.01400000,4.30000000
"K2-136 c",3.00000000,18.10000000
"K2-136 d",1.56500000,3.00000000
"K2-140 b",13.56286665,295.58041851
"HATS-50 b",12.66617000,123.95370000
"HATS-51 b",15.80469000,244.09344000
"HATS-52 b",15.49083800,711.93920000
"HATS-53 b",15.02006000,189.10885000
"K2-138 b",1.51000000,3.10000000
"K2-138 c",2.29900000,6.31000000
"K2-138 d",2.39000000,7.92000000
"K2-138 e",3.39000000,12.97000000
"K2-138 f",2.90400000,1.63000000
"KELT-19 A b",21.40919000,1293.56810000
"K2-141 b",1.51000000,4.97000000
"K2-141 c",7.00000000,8.00000000
"KELT-21 b",17.77747400,1242.71530000
"Kepler-1654 b",9.18017100,158.91500000
"K2-232 b",11.20900000,126.49634000
"HATS-39 b",17.59813000,200.23290000
"HATS-40 b",17.71022000,505.34970000
"HATS-41 b",14.90797000,3082.95100000
"HATS-42 b",15.69260000,597.52040000
"KPS-1 b",11.54527000,346.43470000
"K2-233 b",1.31500000,2.40000000
"K2-233 c",1.27200000,4.60000000
"K2-233 d",2.36300000,10.30000000
"HATS-43 b",13.22662000,82.95363000
"HATS-44 b",11.96000300,177.98480000
"HATS-45 b",14.41477400,222.48100000
"HATS-46 b",10.12172700,54.98459000
"HATS-7 b",6.31066700,38.13960000
"NGTS-3 A b",16.58932000,756.43540000
"HD 89345 b",7.39794000,34.96130000
"K2-237 b",16.06246934,434.15360396
"K2-238 b",14.57170000,273.33380000
"Kepler-128 b",1.42100000,3.79000000
"K2-260 b",18.41635529,546.66486004
"K2-261 b",9.26982704,68.96876432
"WASP-174 b",16.10730527,104.88337431
"Wolf 503 b",2.04300000,6.26000000
"NGTS-2 b",17.87835500,235.19420000
"EPIC 246851721 b",11.78065900,953.49000000
"K2-266 b",3.30000000,11.26782377
"K2-266 c",0.70500000,0.29013072
"K2-266 d",2.93000000,8.90000000
"K2-266 e",2.73000000,14.30000000
"WASP-144 b",9.52765000,139.84520000
"WASP-145 A b",10.08810000,282.86870000
"WASP-158 b",11.99363000,886.74570000
"WASP-159 b",15.46842000,174.80650000
"WASP-162 b",11.20900000,1652.71600000
"WASP-168 b",16.81350000,133.48860000
"WASP-172 b",17.59813000,149.38010000
"WASP-173 A b",13.45080000,1172.79270000
"WASP-147 b",12.49803500,87.40325000
"WASP-160 B b",12.21781000,88.35674000
"WASP-164 b",12.64375200,676.97790000
"WASP-165 b",14.12334000,209.13214000
"HATS-59 b",12.62133400,256.17098000
"LHS 1140 c",1.27200000,1.91000000
"CoRoT-21 b",14.57170000,718.29580000
"WASP-161 b",12.81188700,791.39670000
"WASP-163 b",13.47321800,594.34210000
"WASP-170 b",12.28506400,508.52800000
"K2-285 b",2.59000000,9.68000000
"K2-285 c",3.53000000,15.68000000
"K2-285 d",2.48000000,6.50000000
"K2-285 e",1.95000000,10.70000000
"K2-287 b",9.49402300,100.11645000
"HATS-60 b",12.92397700,210.40346000
"HATS-61 b",13.39475500,1080.62200000
"HATS-62 b",11.82549500,56.89157000
"HATS-63 b",13.52926300,305.11680000
"HATS-64 b",18.81991100,305.11680000
"HATS-65 b",16.82470900,260.93843000
"HATS-66 b",15.81589900,1694.03390000
"HATS-67 b",18.88716500,460.85350000
"HATS-68 b",13.80948800,410.00070000
"HATS-69 b",10.59250500,183.38791000
"K2-290 b",3.06000000,10.90000000
"K2-290 c",11.27625400,246.00042000
"K2-291 b",1.58900000,6.49000000
"LHS 3844 b",1.28600000,2.37000000
"HD 202772 A b",18.23701160,323.54931833
"K2-292 b",2.63000000,24.50000000
"HATS-70 b",15.51325600,4100.00700000
"GJ 143 b",2.61000000,22.70000000
"HD 23472 b",2.00000000,8.32000000
"HD 23472 c",1.87000000,3.41000000
"HD 219666 b",4.89800000,17.60000000
"HD 1397 b",11.50043400,131.89945000
"WASP-190 b",12.89035000,317.83000000
"PDS 70 b",21.96960217,1017.05090240
"Qatar-7 b",19.05530000,597.52040000
"TOI-172 b",10.81668500,1722.63860000
"HD 221416 b",9.17000000,60.50000000
"WASP-177 b",17.71022000,161.45764000
"WASP-181 b",13.27145600,95.03117000
"WASP-183 b",16.47723000,159.55066000
"Kepler-47 d",7.04000000,19.02000000
"HD 21749 c",0.89200000,3.70000000
"Qatar-8 b",14.40356500,117.91493000
"Qatar-9 b",11.30988100,378.21770000
"Qatar-10 b",17.29548700,233.92288000
"TOI-216.02",8.00000000,18.75187601
"TOI-216.01",10.10000000,177.98390792
"NGTS-5 b",12.73342400,72.78307000
"HD 15337 b",1.77000000,6.51900000
"HD 15337 c",2.52600000,6.79200000
"NGTS-4 b",3.18000000,20.60000000
"K2-32 e",1.21200000,2.10000000
"Kepler-407 b",1.19000000,1.93000000
"L 98-59 b",0.83700000,0.46000000
"L 98-59 c",1.32900000,2.00000000
"L 98-59 d",1.62700000,1.64000000
"PDS 70 c",22.19378179,2383.71305250
"HD 2685 b",16.14096000,371.86110000
"TOI-150.01",14.06729500,797.75330000
"KELT-23 A b",14.82950700,298.12454000
"V1298 Tau b",9.41000000,13.10000000
"WASP-87 b",15.52446500,692.86940000
"EPIC 248847494 b",12.44199000,4131.79000000
"WASP-166 b",7.06167000,32.10083000
"Kepler-849 b",8.08167508,298.75870258
"HR 858 b",2.00400000,3.55000000
"HR 858 c",1.97900000,3.80000000
"HR 858 d",2.00100000,7.10000000
"TOI-270 b",1.28000000,1.48000000
"TOI-270 c",2.33000000,6.20000000
"TOI-270 d",2.00000000,4.20000000
"LTT 1445 A b",1.34000000,2.73000000
"K2-146 c",2.19000000,7.49000000
"HAT-P-69 b",18.78628400,1137.83140000
"HAT-P-70 b",20.96083000,2154.88740000
"HATS-54 b",11.37711541,239.32479047
"HATS-55 b",14.02245900,292.72143000
"HATS-56 b",18.92079200,191.33366000
"HATS-57 b",12.76705100,1000.21101000
"HATS-58 A b",12.27385500,327.36490000
"WASP-169 b",14.61653600,178.30263000
"WASP-171 b",10.98482000,344.52772000
"WASP-175 b",13.54047200,314.65170000
"WASP-182 b",9.52765000,47.03884000
"KELT-24 b",12.71098411,1458.83238813
"NGTS-6 b",14.86313400,425.57437000
"WASP-180 A b",13.89916000,286.04700000
"WASP-178 b",20.28829000,527.59780000
"WASP-184 b",14.90797000,181.16310000
"WASP-185 b",14.01125000,311.47340000
"WASP-192 b",13.78707000,731.00900000
"V1298 Tau c",5.08000000,4.70000000
"V1298 Tau d",6.53000000,6.00000000
"V1298 Tau e",10.17000000,15.30000000
"LP 791-18 c",2.48800000,7.16000000
"TOI-163 b",16.69020100,387.75260000
"TOI-125 b",2.72600000,9.50000000
"TOI-125 c",2.75900000,6.63000000
"NGTS-8 b",12.21781000,295.58190000
"NGTS-9 b",11.99363000,921.70700000
"Qatar-6 b",11.90395800,212.31044000
"HD 213885 b",1.74500000,8.83000000
"XO-7 b",15.38995700,225.34147000
"GJ 1252 b",1.19300000,1.32000000
"EPIC 249893012 b",1.95000000,8.75000000
"EPIC 249893012 c",3.67000000,14.67000000
"EPIC 249893012 d",3.94000000,10.18000000
"L 168-9 b",1.63000000,4.07000000
"TOI-125 d",2.93000000,13.60000000
"Kepler-1661 b",3.87000000,17.00000000
"TOI-132 b",3.42000000,22.40000000
"Kepler-95 b",3.42000000,13.00000000
"HATS-47 b",12.52045300,117.27927000
"HATS-48 A b",8.96720000,77.23269000
"HATS-49 b",8.57488500,112.19399000
"HATS-72 b",8.09738160,39.85588200
"NGTS-10 b",13.50684500,687.14846000
"MASCARA-4 b",16.98160576,532.36258173
"LHS 1815 b",1.08800000,1.58000000
"TOI-1130 b",3.66000000,19.80000000
"TOI-1130 c",13.00000000,336.00000000
"CoRoT-30 b",11.30988100,921.70700000
"CoRoT-31 b",16.36514000,266.97720000
"TOI-677 b",13.11450742,392.20025424
"WASP-150 b",11.99363000,2688.84180000
"WASP-176 b",16.86954500,271.74465000
"HD 332231 b",9.07303305,74.10000000
"LTT 3780 b",1.32500000,2.46000000
"LTT 3780 c",2.39000000,8.04000000
"TOI-1235 b",1.69000000,6.69000000
"TOI-1338 b",7.66100000,11.30000000
"AU Mic b",4.79000000,8.99000000
"WASP-148 b",8.47398941,91.21675281
"TOI-1728 b",5.05000000,26.78000000
"NGTS-11 b",9.15775300,109.33352000
"TOI-849 b",3.64000000,41.80000000
"Wendelstein-1 b",11.56096260,188.15536000
"Wendelstein-2 b",12.99347280,232.33373000
"HD 191939 b",3.41000000,10.00000000
"HD 191939 c",3.19500000,8.00000000
"HD 191939 d",2.99500000,2.80000000
"TYC 8998-760-1 c",12.32990000,1906.98000000
"TOI-1899 b",11.09689089,212.94503269
"HIP 65 A b",22.75427000,1021.18779000
"TOI-157 b",14.41477400,375.03940000
"TOI-169 b",12.17297400,251.40353000
"HATS-37 A b",6.79265400,31.46517000
"HATS-38 b",6.88232600,23.51942000
"HD 86226 c",2.16000000,7.25000000
"WD 1856+534 b",10.40000000,4386.05400000
"LTT 9779 b",4.72000000,29.32000000
"HD 63433 b",2.14000000,21.75500000
"HD 63433 c",2.69200000,15.53900000
"TOI-763 b",2.28000000,9.79000000
"Kepler-77 b",10.76100000,136.66100000
"TOI-763 c",2.63000000,9.32000000
"HATS-71 b",11.47801600,117.59710000
"TOI-824 b",2.92600000,18.46700000
"TOI-1266 b",2.52000000,4.46000000
"TOI-1266 c",1.98000000,3.17000000
"TOI-421 b",2.64000000,6.70000000
"TOI-421 c",5.09000000,14.10000000
"NGTS-12 b",11.74703200,66.10864000
"GJ 3473 b",1.26400000,1.86000000
"TOI-837 b",9.16894621,120.45696625
"TOI-954 b",9.55006800,55.30242000
"K2-329 b",8.67576600,82.63580000
"TOI-481 b",11.09691000,486.27990000
"TOI-892 b",11.99363000,301.93850000
"TIC 237913194 b",12.52045300,617.22586000
"WASP-186 b",12.44199000,1341.24260000
"WASP-187 b",18.38276000,254.26400000
"LP 714-47 b",4.25000000,28.38000000
"TOI-251 b",2.74000000,317.83000000
"HAT-P-68 b",12.01604800,230.10892000
"TOI-776 b",1.79800000,5.00000000
"TOI-776 c",2.04700000,6.90000000
"TOI-561 b",1.39700000,2.02000000
"TOI-561 c",2.86500000,5.93000000
"TOI-561 d",2.61500000,13.33000000
"TOI-561 e",2.51700000,12.40000000
"TOI-564 b",11.43318000,464.98529000
"TOI-905 b",13.12573900,211.99261000
"TOI-451 b",1.84000000,4.70000000
"TOI-451 c",2.93000000,3.70000000
"TOI-451 d",3.93000000,10.20000000
"NGTS-13 b",12.80067800,1538.29720000
"HD 110113 b",2.05000000,4.55000000
"TOI-178 b",1.20000000,0.96000000
"TOI-178 c",1.75400000,4.64000000
"TOI-178 d",2.69500000,5.20000000
"TOI-178 e",2.30100000,3.48000000
"TOI-178 f",2.41700000,5.63000000
"TOI-178 g",2.93900000,4.40000000
"HD 183579 b",3.49000000,20.40000000
"NGTS-14 A b",4.97679600,29.24036000
"K2-138 g",3.01300000,4.32000000
"TOI-628 b",11.88154000,2011.86390000
"TOI-640 b",19.27944680,181.16219199
"TOI-1333 b",15.64776400,753.25710000
"TOI-1478 b",11.99360935,279.68899816
"TOI-1601 b",14.19902343,387.00000000
"GJ 486 b",1.28900000,2.77000000
"GJ 414 A b",2.63000000,7.60000000
"GJ 414 A c",8.40000000,53.83000000
"TOI-201 b",11.40000000,164.00000000
"TOI-519 b",11.54525012,147.15455244
"NGTS-15 b",12.32987877,238.68913366
"NGTS-16 b",14.57167491,211.99154747
"NGTS-17 b",13.89913607,242.82090295
"NGTS-18 b",13.56286665,129.99181846
"LHS 1478 b",1.24200000,2.33000000
"TOI-257 b",7.16253867,43.86032017
"HD 5278 b",2.45000000,7.80000000
"Kepler-106 c",2.50000000,10.44000000
"TOI-269 b",2.77000000,8.80000000
"CFHTWIR-Oph 98 b",20.84870410,2479.06157460
"TOI-220 b",3.03000000,13.80000000
"TOI-1444 b",1.41792246,3.58000000
"TOI-1231 b",3.65000000,15.40000000
"HD 152843 b",3.05000000,9.82000000
"HD 152843 c",5.94000000,9.67000000
"WASP-110 b",13.19297028,154.78243421
"TOI-674 b",5.25000000,23.60000000
"TOI-1685 b",1.42100000,3.07000000
"TOI-1260 b",2.41000000,8.56000000
"TOI-1260 c",2.76000000,13.20000000
"TOI-1634 b",1.75900000,4.90000000
"TOI-1259 A b",11.60000000,141.00000000
"TOI-1807 b",1.49681583,2.44000000
"TOI-2076 b",2.59000000,6.70000000
"TOI-2076 c",3.54000000,7.20000000
"TOI-2076 d",3.27000000,7.30000000
"HAT-P-58 b",14.93036229,118.23216740
"HAT-P-59 b",12.58768533,489.45574678
"HAT-P-60 b",18.28184752,182.43350562
"HAT-P-61 b",10.07687365,335.94462620
"HAT-P-62 b",12.02723629,241.86741773
"HAT-P-63 b",12.54284940,195.14664190
"HAT-P-64 b",19.08889413,184.34047606
"TOI-1749 b",1.39000000,57.00000000
"TOI-1749 c",2.12000000,14.00000000
"TOI-1749 d",2.52000000,15.00000000
"TOI-1062 b",2.26500000,10.15000000
"TOI-1278 b",12.21778896,5879.82552950
"AU Mic c",2.79000000,14.46000000
"TOI-2406 b",2.86000000,15.60000000
"TOI-532 b",5.82000000,61.50000000
"TOI-431 b",1.28000000,3.07000000
"TOI-431 d",3.29000000,9.90000000
"COCONUTS-2 b",12.57647635,2383.71305250
"TOI-2202 b",10.95117414,287.31687993
"TOI-1518 b",21.05046575,581.62598481
"TIC 172900988 b",11.25000000,942.00000000
"TOI-1201 b",2.41500000,6.28000000
"GPX-1 b",16.47720163,6261.21961790
"TOI-558 b",12.17295304,1147.36054927
"TOI-559 b",12.22899794,1910.14872607
"TIC 257060897 b",17.26183028,201.50321004
"TOI-1431 b",16.70138124,991.62462984
"TOI-530 b",9.30345398,127.13136280
"TOI-1789 b",16.14093221,222.47988490
"TOI-1296 b",14.11645916,95.30000000
"TOI-1298 b",9.65807033,99.00000000
"HD 63935 b",2.91575244,10.50000000
"HD 63935 c",3.06451296,11.10000000
"TOI-3362 b",12.80065596,1598.35905880
"HIP 97166 b",2.48013380,19.10000000
"HD 207897 b",2.34302132,14.80000000
"HD 137496 b",1.31000000,4.04000000
"K2-370 b",2.67000000,11.10000000
"Kepler-58 b",2.78000000,35.50000000
"GJ 367 b",0.73600000,0.50300000
"TOI-2109 b",15.09849700,1595.49860314
"TOI-1842 b",12.34850230,89.40000000
"HATS-74 A b",11.56766808,464.02947422
"HATS-75 b",9.90873894,156.05374784
"HATS-76 b",12.09449018,835.57088200
"HATS-77 b",13.05846252,436.69623122
"Kepler-1708 b",9.96000000,1462.01067220
"Kepler-1705 c",2.05000000,5.42000000
"BD+60 1417 b",14.68376472,4767.42610500
"TOI-2180 b",11.32107051,875.61726129
"LTT 1445 A c",1.14700000,1.54000000
"TOI-1064 b",2.58700000,13.50000000
"TOI-1064 c",2.65100000,2.50000000
"TOI-2184 b",11.39953337,206.58846455
"TOI-1268 b",9.10000000,96.40000000
"TOI-2337 b",10.08808263,508.52545120
"TOI-4329 b",16.81347105,143.02278315
"TOI-2669 b",19.72780603,193.87532827
"TOI-500 b",1.16600000,1.42000000
"TOI-544 b",2.01800000,2.89000000
"TOI-1075 b",1.79100000,9.95000000
"TOI-1411 b",1.19880592,2.00000000
"GJ 3929 b",1.09000000,1.75000000
"TOI-1759 b",3.14000000,10.80000000
"WASP-189 b",18.14733975,632.47852993
"HD 73583 b",2.79000000,10.20000000
"HD 73583 c",2.39000000,9.70000000
"TOI-1670 b",2.06000000,41.31769291
"TOI-1670 c",11.06326395,200.23189641
"TOI-1246 b",3.01000000,8.10000000
"TOI-1246 c",2.45109846,9.10000000
"TOI-1246 d",3.43139739,5.40000000
"TOI-1246 e",3.51418750,14.50000000
"TOI-1696 b",3.09000000,48.80000000
"TOI-2136 b",2.19000000,6.37000000
"HIP 94235 b",3.00000000,379.00000000
"TOI-1710 b",5.06000000,19.10000000
"TOI-1181 b",17.02644168,374.71969185
"TOI-1516 b",15.24421375,1004.33776612
"TOI-2046 b",16.14093221,731.00533610
"WASP-132 c",1.84100000,6.26000000
"Gaia-1 b",13.77583728,533.95172376
"Gaia-2 b",14.81827249,259.66580852
"TOI-1107 b",14.57167491,1064.72516345
"HD 28109 b",2.69000000,6.20000000
"HD 28109 c",4.13000000,9.20000000
"HD 28109 d",3.11000000,5.80000000
"HD 260655 b",1.24000000,2.14000000
"HD 260655 c",1.53300000,3.09000000
"TOI-3714 b",11.32107051,222.47988490
"TOI-3629 b",8.29464572,82.63538582
"TOI-1272 b",4.26000000,24.10000000
"TOI-5153 b",11.88151954,1036.12060682
"NGTS-20 b",11.99360935,947.12865286
"TOI-1422 b",3.83000000,9.50000000
"CoRoT-35 b",18.83108758,349.61124770
"CoRoT-36 b",15.80466279,216.12331676
"HD 93963 A b",1.46954368,2.80000000
"HD 93963 A c",3.11976057,18.40000000
"Kepler-18 c",5.49000000,17.30000000
"TOI-159 b",18.18000000,1110.00000000
"GJ 3090 b",2.18000000,4.52000000
"HD 18599 b",2.60000000,24.10000000
"TOI-181 b",6.95590000,46.16870000
"TOI-199 b",9.07927437,54.03082919
"TOI-238 b",1.55900000,3.37000000
"TOI-244 b",1.52000000,2.68000000
"HIP 8152 b",2.53625843,8.90000000
"HIP 8152 c",2.52442508,10.70000000
"TOI-283 b",2.34000000,6.54000000
"TOI-286 b",1.42000000,4.53000000
"TOI-286 c",1.88000000,3.72000000
"TOI-329 b",4.94057819,40.40000000
"TOI-332 b",3.20000000,57.20000000
"TOI-333 b",4.26000000,20.10000000
"Kepler-432 b",12.83430500,1719.46030000
"TOI-375 b",10.77183045,236.78216321
"TOI-406.01",2.08000000,6.57000000
"TOI-406 c",1.32000000,2.08000000
"TOI-411 c",2.32800000,9.72000000
"TOI-411 b",1.36200000,13.71000000
"TOI-469.01",3.41000000,9.10000000
"TOI-480 b",2.85372018,20.80000000
"TOI-512 b",1.54000000,3.57000000
"TOI-521 b",1.98000000,5.30000000
"HD 25463 b",2.54535814,8.70000000
"HD 25463 c",1.36354953,4.30000000
"TOI-615 b",18.97680433,138.25535705
"TOI-622 b",9.23620010,96.30200732
"Kepler-282 d",2.46000000,61.00000000
"TOI-654.01",2.37800000,8.71000000
"TOI-663 b",2.27000000,4.45000000
"TOI-663 c",2.26000000,3.65000000
"TOI-663 d",1.92000000,5.20000000
"TOI-669 b",2.58606487,10.00000000
"TOI-672 b",5.31000000,50.90000000
"Kepler-57 b",3.13500000,25.06000000
"TOI-733 b",1.99200000,5.72000000
"TOI-756 b",2.81000000,9.83000000
"TOI-757 b",2.50000000,10.50000000
"TOI-762 A b",8.33948164,79.77493016
"TOI-771 b",1.36000000,2.47000000
"TOI-778 b",15.40000000,878.00000000
"TOI-782 b",2.73400000,19.10000000
"TOI-784 b",1.93000000,9.67000000
"TOI-791 b",11.13051784,9.50000000
"TOI-815 b",2.94000000,7.60000000
"TOI-836.01",2.58700000,9.60000000
"TOI-836 b",1.70400000,4.53000000
"TOI-858 B b",14.06727078,349.61124770
"KOI-1257 b",10.54000000,460.83000000
"TOI-908 b",3.18600000,16.13700000
"TOI-912 b",1.93000000,5.10000000
"TOI-969 b",2.76500000,9.10000000
"TOI-1011 b",1.45000000,4.04000000
"Kepler-56 c",9.80000000,181.00000000
"TOI-1052 b",2.87000000,16.90000000
"TOI-1080 b",1.20000000,10.70000000
"Kepler-279 c",4.30000000,49.40000000
"TOI-1117 b",2.46000000,8.90000000
"TOI-1135 b",9.91994792,58.79825529
"TOI-1173 b",9.19000000,27.40000000
"TOI-1194 b",8.71664516,120.00000000
"TOI-1199 b",10.51402390,75.96098927
"TOI-1203.01",2.91800000,7.39000000
"Kepler-44 b",12.22000000,317.82000000
"TOI-1221 b",2.91000000,1112.39942450
"TOI-1232 b",10.92875618,220.57291446
"TOI-1238 c",2.11000000,8.32000000
"TOI-1238 b",1.21000000,3.76000000
"TOI-1243 b",2.33000000,7.70000000
"TOI-1248 b",6.80848590,27.40000000
"TOI-1249 b",3.27103010,11.90000000
"TOI-1269 b",2.40144286,6.40000000
"TOI-1273 b",11.09689089,70.55790635
"Kepler-278 b",3.95500000,56.00000000
"TOI-1279 b",2.66146528,10.60000000
"TOI-1288 b",4.96846551,44.10000000
"TOI-1294 b",10.12369881,63.90000000
"TOI-1295 b",15.69257298,451.31633794
"Kepler-277 b",2.92000000,87.30000000
"TOI-1347 b",1.80000000,11.10000000
"TOI-1347 c",1.60000000,6.40000000
"TOI-1386 b",6.21638650,45.80000000
"TOI-1408 b",25.00000000,593.00000000
"TOI-1410.01",3.10083009,12.50000000
"TOI-1416 b",1.62000000,3.48000000
"TOI-1420 b",11.89000000,25.10000000
"HD 235088 b",1.98200000,4.15000000
"TOI-1437 b",2.24000000,9.60000000
"TOI-1438 b",3.04000000,9.40000000
"TOI-1438 c",2.75000000,10.60000000
"TOI-1439 b",4.24278610,38.50000000
"TOI-1443 b",2.30381001,30.00000000
"Kepler-41 b",14.46000000,177.98000000
"TOI-1448 b",2.74900000,19.50000000
"TOI-1450 A b",1.13000000,1.25800000
"TOI-1451 b",2.61143902,15.20000000
"TOI-1452 b",1.67200000,4.82000000
"TOI-1453 c",2.22400000,2.95000000
"TOI-1453 b",1.17300000,2.32000000
"TOI-1468 c",2.12600000,4.10000000
"TOI-1468 b",1.40100000,3.04000000
"TOI-1470 b",2.18000000,7.32000000
"Kepler-276 c",2.90000000,16.60000000
"HIP 9618 b",3.82838127,8.30000000
"HIP 9618 c",3.42855926,7.00000000
"TOI-1472 b",4.05800000,18.05000000
"HD 6061 b",2.42763557,10.00000000
"TOI-1533 b",2.89000000,28.10000000
"HAT-P-47 b",14.71739166,65.47265184
"TOI-1648 b",2.54000000,7.40000000
"TOI-1669 c",2.29639770,13.00000000
"TOI-1694 b",5.27000000,28.24000000
"TOI-1695 b",1.90000000,6.36000000
"LHS 1903 c",2.04600000,4.55000000
"LHS 1903 b",1.38200000,3.28000000
"LHS 1903 d",2.50000000,5.96000000
"TOI-1736 b",3.18175535,12.30000000
"TOI-1742 b",2.36507598,9.70000000
"TOI-1751 b",2.95078450,19.50000000
"TOI-1753 b",2.47852533,16.60000000
"TOI-1774.01",2.78000000,8.50000000
"TOI-1775 b",8.04728896,96.00000000
"TOI-1776 b",1.21612741,1.40000000
"HD 77946 b",2.89646124,10.90000000
"Kepler-105 b",2.53000000,10.80000000
"TOI-1794 b",3.29701268,8.70000000
"TOI-1801 b",2.07900000,5.73800000
"TOI-1803 c",4.29000000,8.00000000
"TOI-1803 b",2.99000000,10.32000000
"TOI-1811 b",11.14172682,308.92921160
"TOI-1820 b",12.77823800,731.00533610
"TOI-1823 b",7.54062410,67.40000000
"TOI-1824 b",2.74382690,16.00000000
"TOI-1836 b",8.00321222,38.45723725
"TOI-1836 c",2.59987579,8.00000000
"TOI-1853 b",3.46000000,73.20000000
"TOI-1855 b",18.49481816,360.09958513
"TOI-1883 b",5.65000000,13.70000000
"TOI-1898 b",9.39553231,129.00000000
"TOI-1937 A b",13.97759893,638.83509807
"TOI-1994 b",13.67495645,7024.00779470
"TOI-2000 c",8.14000000,81.70000000
"TOI-2000 b",2.70000000,11.00000000
"TOI-2005 b",11.99360935,2034.10180480
"TOI-2010 b",11.81426566,408.72733140
"TOI-2015 b",3.30900000,9.20000000
"TOI-2019 b",5.33275337,34.40000000
"TOI-2025 b",11.89272852,1144.18226520
"TOI-2031 A b",14.20177855,254.26272560
"TOI-2040 b",10.32347122,248.22398587
"TOI-2049 b",16.64533634,486.27746271
"TOI-2088 b",3.68311790,37.00000000
"TOI-2093 c",2.30000000,15.80000000
"TOI-2095 b",1.25000000,4.10000000
"TOI-2095 c",1.33000000,7.40000000
"TOI-2107 b",13.57407563,263.79757781
"TOI-2120 b",2.12200000,6.80000000
"TOI-2128 b",2.08874836,4.50000000
"TOI-2134 b",2.73500000,9.37000000
"TOI-2134 c",7.35000000,58.30000000
"TOI-2141 b",3.14700000,20.10000000
"Kepler-422 b",12.89000000,136.66000000
"TOI-2145 b",12.24020692,1805.26535176
"TOI-2147 b",10.50000000,116.00000000
"TOI-2152 A b",14.35870428,899.45439181
"TOI-2154 b",16.28664896,292.40213444
"TOI-2158 b",10.76062147,260.61929374
"TOI-2169 A b",12.50922246,329.58805806
"TOI-2193 A b",19.83989584,298.75870258
"TOI-2196 b",3.51000000,26.00000000
"TOI-2207 b",11.15293580,203.41018048
"TOI-2236 b",14.36991326,502.16888306
"Kepler-423 b",13.36100000,189.10100000
"TOI-2295 b",16.47720163,278.09985612
"Kepler-289 c",11.23000000,157.18000000
"TOI-2322 c",1.87400000,18.10000000
"TOI-2322 b",0.99400000,2.31000000
"TOI-2328 b",9.97599282,50.85254512
"TOI-2338 b",11.20898070,1900.61387386
"TOI-2345 b",1.50400000,3.49000000
"TOI-2345 c",2.45100000,7.27000000
"TOI-2346 b",16.11851425,394.10722468
"TOI-2364 b",8.60849718,71.51139158
"TOI-2368 b",10.83908434,206.58846455
"TOI-2373 b",10.42435205,2955.80418510
"TOI-2374 b",7.48759911,61.65871096
"TOI-2379 b",11.72459381,1830.69162432
"TOI-2382 b",12.25141591,235.19302118
"TOI-2384 b",11.48920522,624.85064816
"TOI-2416 b",9.86390302,953.48522100
"TOI-2420 b",15.02003414,294.62693329
"TOI-2421 b",10.36830715,105.83685953
"TOI-2431 b",1.53400000,6.20000000
"TOI-2447 b",9.60609646,124.90656395
"TOI-2449 b",11.24000000,222.00000000
"TOI-2458 b",2.83000000,13.31000000
"Kepler-26 b",2.78000000,5.12000000
"TOI-2485 b",12.13932610,766.60211768
"TOI-2497 b",11.14172682,1531.93292174
"TOI-2498 b",6.06000000,34.62000000
"TOI-2524 b",11.20898070,203.41018048
"TOI-2525 b",8.67575106,26.69758619
"TOI-2525 c",10.13291855,208.81326340
"TOI-2529 b",11.54525012,743.71847238
"TIC 52059926 b",10.71000000,5380.00000000
"TOI-2537 b",11.25381662,415.40172795
"Kepler-43 b",13.66377100,1026.59090000
"TOI-2567 b",10.92875618,63.88350981
"TOI-2570 b",13.64132951,260.61929374
"TOI-2578 b",19.66055215,167.17774208
"TOI-2580 b",17.37392009,200.23189641
"TOI-2583 A b",14.45958510,79.45710175
"TOI-2587 A b",12.07207221,69.28659273
"TOI-2589 b",12.10569916,1112.39942450
"TOI-2641 b",18.10250383,122.68176510
"TOI-2714 b",13.72000000,228.00000000
"NGTS-31 b",18.04645893,355.96781584
"KOI-13 b",16.94800800,2949.46240000
"TOI-2796 b",17.26183028,139.84449908
"TOI-2803 A b",18.11371281,309.88269682
"TOI-2818 b",15.27784069,225.65816897
"TOI-2842 b",12.84549188,117.59651059
"TOI-2876 b",9.63972340,54.03082919
"TOI-2886 b",18.64053490,444.95976980
"TOI-2969 b",12.32987877,368.68095212
"Kepler-102 e",2.17000000,4.70000000
"TOI-2977 b",13.15934334,533.95172376
"TOI-2981 b",13.40000000,638.00000000
"TOI-2986 b",9.29224500,96.61983573
"TOI-2989 b",12.55405838,953.48522100
"TOI-2992 b",13.75341932,1058.36859531
"TOI-3023 b",16.43236571,197.05361234
"Kepler-419 b",10.80000000,794.50000000
"TOI-3071 b",7.16000000,68.20000000
"Kepler-14 b",12.73300000,2669.66000000
"TOI-3135 b",13.65253849,327.36325921
"TOI-3160 A b",13.76462830,378.21580433
"Kepler-94 b",3.51000000,10.84000000
"NGTS-27 b",15.64773706,188.47224535
"TOI-3235 b",11.39953337,211.35589065
"TOI-3261 b",3.82000000,30.30000000
"TOI-3288 b",12.24020692,536.17652261
"TOI-3321 b",15.55806521,176.07693748
"TOI-3331 A b",12.97999965,721.47048389
"TOI-3364 b",12.22899794,530.77343969
"TOI-3457 b",10.64000000,797.74930157
"TOI-3464 b",13.76462830,397.28550875
"TOI-3474 b",14.67255574,193.87532827
"TOI-3486 b",10.57006880,99.16246298
"TOI-3493 b",3.22000000,8.97000000
"TOI-3523 A b",15.97279750,435.42491759
"TOI-3540 A b",23.53885947,375.03752026
"TOI-3568 b",5.30000000,26.40000000
"Kepler-305 b",3.60000000,10.50000000
"TOI-3593 b",11.02963701,565.73456446
"TOI-3664 b",13.69737442,114.41822652
"TOI-3682 b",12.80065596,69.28659273
"Kepler-17 b",14.68000000,778.65000000
"TOI-3688 A b",13.08088048,311.47183886
"TOI-3693 b",12.59889431,324.18497514
"Kepler-87 b",13.49000000,324.20000000
"Kepler-307 b",2.43000000,7.44000000
"TOI-3757 b",12.00000000,85.30000000
"TOI-3785 b",5.14000000,14.95000000
"Kepler-107 e",2.90300000,14.10000000
"WASP-194 b",15.47960235,373.13054982
"TOI-3807 b",18.49481816,330.54154328
"TOI-3819 b",13.13692538,352.78953177
"TOI-3837 b",10.87271128,187.51876013
"TOI-3856 b",13.59649359,171.62733978
"TOI-3862 b",5.53000000,53.70000000
"TOI-3877 b",11.67975789,99.79811980
"TOI-3884 b",6.43000000,32.59000000
"TOI-3894 b",15.27784069,260.61929374
"TOI-3912 b",14.28024141,129.03833324
"TOI-3919 b",12.31866979,1233.17421916
"KOI-1599.01",1.90000000,4.60000000
"TOI-3976 A b",12.27383387,55.61997123
"TOI-3980 b",14.45958510,187.51876013
"TOI-3984 A b",7.90000000,44.00000000
"TOI-4010 c",5.93000000,20.31000000
"TOI-4010 d",6.18000000,38.15000000
"TOI-4010 b",3.02000000,11.00000000
"TOI-4034 b",17.71018951,276.51071409
"WASP-195 b",10.31226224,33.05415433
"TOI-4087 b",13.04725353,232.01473711
"Kepler-424 b",9.98000000,327.35000000
"Kepler-277 c",3.36000000,64.20000000
"Kepler-278 c",3.26800000,34.90000000
"TOI-4127 b",12.07000000,743.71847238
"TOI-4137 b",13.57407563,457.67290608
"Kepler-56 b",6.51000000,22.10000000
"TOI-4145 A b",13.30506009,136.66621501
"Kepler-282 e",3.10000000,56.20000000
"TOI-4153 b",16.11851425,365.50266805
"HD 35843 c",2.54000000,11.32000000
"TOI-4201 b",13.67495645,788.21444936
"TOI-4214 b",10.68215861,165.27077164
"NGTS-24 b",13.60770257,165.27077164
"LP 890-9 b",1.32000000,13.20000000
"TOI-4311 c",2.47000000,13.58000000
"TOI-4311 b",1.37600000,4.50000000
"Kepler-23 d",2.20600000,4.44000000
"TOI-4336 A b",2.13700000,3.33000000
"TOI-4342 b",2.32900000,7.30000000
"TOI-4342 c",2.34900000,4.80000000
"TOI-4377 b",15.10970598,304.16178550
"TOI-4379 b",16.69017226,353.74301699
"TOI-4406 b",11.20898070,95.34852210
"TOI-4427 b",13.09208946,87.72064033
"TOI-4438 b",2.40000000,4.11000000
"Kepler-553 c",11.57887706,2129.45032690
"TOI-4458 b",12.40834163,552.06794296
"TOI-4463 A b",13.26022417,252.35575516
"TOI-4465 b",14.01122587,1872.00931723
"TOI-4487 A b",14.60530185,397.28550875
"Ross 176 b",1.84000000,4.57000000
"TOI-4495 c",4.03000000,23.20000000
"TOI-4495 b",2.48300000,7.70000000
"TOI-4504 c",11.17000000,821.00000000
"TOI-4504 b",2.65000000,140.00000000
"TOI-4507 b",8.20000000,20.00000000
"TOI-4515 b",12.17000000,637.00000000
"HD 20329 b",1.72000000,7.42000000
"TOI-4529 b",1.77000000,4.90000000
"Kepler-167 e",10.16000000,321.00669107
"TOI-4551 b",11.85910158,473.56432643
"TOI-4552 b",1.11000000,1.83000000
"Kepler-177 b",3.50000000,5.84000000
"TOI-4582 b",10.53644186,168.44905571
"TOI-4600 b",6.80000000,959.84178914
"TOI-4602.01",2.45000000,5.53000000
"TOI-4603 b",11.67975789,4096.80816623
"TOI-4633 c",3.20000000,123.00000000
"TOI-4641 b",8.18255591,1229.99593509
"TOI-4666 b",12.53164042,155.41809102
"WASP-116 b",13.67495645,203.41018048
"TIC 9344899 b",9.16000000,6170.00000000
"TOI-4734 b",10.91754720,61.65871096
"Kepler-223 c",3.44000000,5.10000000
"TOI-4773 b",15.22179579,1687.66884117
"TOI-4791 b",12.44196858,734.18362017
"TOI-4794 b",14.35870428,308.29355479
"TOI-4860 b",8.70000000,86.70000000
"NGTS-30 b",10.40193409,305.11527072
"Kepler-68 b",2.35700000,8.03000000
"Kepler-31 c",5.30000000,1493.70000000
"TOI-4914 b",12.87000000,227.00000000
"TOI-4940 b",6.61000000,89.00000000
"TOI-4961 b",12.34108775,572.09113260
"Kepler-24 b",2.34800000,11.14000000
"Kepler-15 b",10.76000000,209.76000000
"BD-14 3065 b",21.59000000,3932.00000000
"TOI-4994 b",8.54124329,88.99195396
"TOI-5005 b",6.25000000,32.70000000
"TOI-5007 b",11.07447293,211.03806225
"Kepler-80 e",1.60000000,4.13000000
"TOI-5027 b",10.76062147,642.01338214
"TOI-5076 b",3.48935569,16.14568308
"Kepler-223 b",2.99000000,7.40000000
"Kepler-107 d",0.86000000,7.70000000
"TOI-5108 b",6.60000000,32.00000000
"TOI-5110 b",11.98240037,921.70238030
"Kepler-23 b",1.63800000,2.56000000
"TOI-5181 A b",13.34989601,330.54154328
"WASP-188 b",14.81827249,458.62639130
"TOI-5205 b",11.60000000,343.00000000
"TOI-5210 b",10.72699453,81.99972901
"TOI-5218 b",9.86000000,657.00000000
"Kepler-426 b",12.22000000,108.06000000
"Kepler-80 d",1.53000000,6.75000000
"TOI-5232 b",12.77823800,743.71847238
"TOI-5261 b",11.60129502,3651.84839643
"Kepler-62 e",1.61000000,36.00000000
"WASP-154 b",10.76062147,198.96058278
"TOI-5292 A b",12.64373023,412.85910069
"TOI-5293 A b",11.90000000,170.40000000
"TOI-5300 b",9.86390302,190.69704420
"TOI-5301 b",13.09208946,1182.32167404
"Kepler-223 e",4.60000000,4.80000000
"TOI-5322 b",16.61170940,184.02264765
"TOI-5340 b",15.07607904,270.15414595
"TOI-5344 b",10.60369574,130.94530368
"TOI-5349 b",10.20000000,127.40000000
"TOI-5350 b",12.41955062,2094.48920213
"Kepler-53 c",3.17000000,36.00000000
"WASP-197 b",14.44837612,403.32424848
"TOI-5386 A b",14.70618268,155.10026262
"TOI-5388.01",0.99000000,2.20000000
"TOI-5398 b",10.30000000,58.70000000
"TOI-5398 c",3.52000000,11.80000000
"TOI-5422 b",9.10169233,8899.19539600
"KOI-94 d",11.27000000,106.00000000
"Kepler-31 d",3.90000000,2161.24400000
"Kepler-63 b",6.11000000,120.00000000
"TOI-5542 b",11.30986153,419.53349724
"TOI-5573 b",9.75000000,112.00000000
"Kepler-11 b",1.80000000,1.90000000
"TOI-5592 b",17.14974047,285.72773789
"Kepler-18 b",2.00000000,6.90000000
"TOI-5616 b",10.78000000,624.00000000
"Kepler-20 e",0.82100000,0.76000000
"TOI-5624 d",3.58400000,4.90000000
"TOI-5628 A b",8.29464572,28.60455663
"TOI-5634 A b",10.42000000,588.00000000
"Kepler-16 b",8.44930000,105.83300000
"TOI-5678 b",4.91000000,20.00000000
"TOI-5688 A b",10.30000000,124.00000000
"HD 23472 f",1.13700000,0.77000000
"HD 23472 d",0.75000000,0.55000000
"HD 23472 e",0.81800000,0.72000000
"TOI-201 d",1.39000000,5.80000000
"TOI-1260 d",3.12000000,11.84000000
"TOI-5720 b",1.09000000,4.30000000
"TOI-5734 b",2.10000000,9.10000000
"LP 890-9 c",1.36700000,25.30000000
"Wolf 327 b",1.24000000,2.53000000
"Kepler-408 b",0.82000000,5.00000000
"TOI-5786 b",8.54000000,73.00000000
"TOI-5788 c",2.27200000,6.40000000
"TOI-5788 b",1.52800000,3.72000000
"TOI-5795 b",5.62000000,23.66000000
"TOI-5800 b",2.46000000,9.50000000
"NGTS-21 b",14.90794433,750.07504052
"Kepler-76 b",15.24424000,638.83830000
"TOI-5817 b",3.08000000,10.30000000
"NGTS-23 b",14.20177855,194.82881349
"NGTS-25 b",11.46678726,203.09235207
"TOI-5882 b",11.46678726,6995.40323807
"TOI-5916 b",11.35469745,226.61165419
"Kepler-4 b",4.00200000,24.47200000
"HD 114082 b",11.20898070,2542.62725600
"TOI-6008 b",1.03000000,4.00000000
"TOI-6016 b",13.67495645,371.85923619
"TOI-6019 b",12.30000000,149.00000000
"TOI-6029 b",14.39233122,519.64944544
"TOI-6034 b",11.92000000,254.00000000
"TOI-6038 A b",6.41000000,78.50000000
"TOI-6041 b",4.55000000,28.90000000
"TOI-6054.01",2.64000000,12.50000000
"TOI-6054.02",2.82000000,9.30000000
"TIC 279401253 b",11.20898070,1951.46641898
"K2-415 b",1.01500000,7.50000000
"TOI-1533 c",7.50000000,36.60000000
"WASP-84 c",1.95000000,15.20000000
"WASP-149 b",15.24421375,314.96795134
"TOI-6130 b",14.34749530,333.71982735
"WASP-155 b",13.45077684,276.82854250
"WASP-102 b",14.90794433,197.68926915
"Gliese 12 b",0.93000000,0.95000000
"TOI-6255 b",1.07900000,1.44000000
"TOI-815 c",2.62000000,23.50000000
"WASP-193 b",14.78464554,35.59678158
"LP 791-18 d",1.03200000,0.91000000
"TOI-6303 b",11.59000000,2493.00000000
"TOI-6324 b",1.05900000,1.17000000
"TOI-6330 b",10.89000000,3179.00000000
"TOI-6383 A b",11.29000000,331.00000000
"TOI-6420 b",11.93756445,2606.19293740
"NGTS-33 b",18.38272835,1153.71711741
"HD 207496 b",2.25000000,6.10000000
"K2-416 b",2.66000000,1652.70771640
"K2-417 b",3.31000000,699.22249540
"TOI-2018 b",2.26800000,9.20000000
"HD 22946 d",2.60700000,26.57000000
"TOI-1470 c",2.47000000,7.24000000
"TOI-6564 b",16.39873876,222.16205649
"TOI-4600 c",9.42000000,2946.26933289
"TOI-6628 b",10.98480109,235.19302118
"TOI-198 b",1.36000000,3.17000000
"HIP 29442 c",1.55100000,4.50000000
"HIP 29442 d",1.53800000,5.14000000
"TOI-6651 b",5.09000000,61.00000000
"NGTS-35 b",10.90000000,152.00000000
"TOI-6692 b",11.67975789,197.05361234
"TOI-6695 b",9.52763359,66.74396547
"Kepler-109 c",2.65000000,8.20000000
"Kepler-323 c",1.57000000,6.80000000
"TIC 87422071 b",10.86150230,409.99864503
"Kepler-49 c",2.44400000,8.38000000
"GJ 806 b",1.33100000,1.90000000
"HD 110067 b",2.20000000,5.69000000
"HD 110067 c",2.38800000,6.30000000
"HD 110067 d",2.85200000,8.52000000
"HD 110067 e",1.94000000,3.90000000
"HD 110067 f",2.60100000,5.04000000
"HD 110067 g",2.60700000,8.40000000
"HD 88986 b",2.49000000,17.20000000
"GJ 341 b",0.88000000,4.00000000
"Kepler-48 c",2.71000000,14.61000000
"TIC 393818343 b",12.18416202,1379.37528638
"TOI-6884 b",10.39072511,8365.24367224
"TOI-6894 b",9.58367850,53.39517238
"TOI-238 c",2.18000000,6.70000000
"Kepler-416 b",2.48000000,58.20000000
"TOI-791 c",12.94637271,18.60000000
"Kepler-350 c",3.10000000,6.10000000
"TOI-5624 b",2.31400000,9.40000000
"TOI-5624 c",2.47400000,4.80000000
"TOI-5624 e",3.24700000,8.90000000
"TIC 139270665 b",7.22979255,147.15455244
"2MASS J0249-0557 c",17.37392009,3616.88727166
"NGTS-26 b",14.88552637,92.80589484
"Kepler-328 c",5.40000000,39.40000000
"Kepler-11 d",3.12000000,7.30000000
"TIC 365102760 b",6.21000000,19.20000000
"TIC 241249530 b",13.29385111,1582.78546686
"TIC 46432937 b",13.31626907,1017.05090240
"TOI-1408 c",2.22000000,7.60000000
"TIC 4672985 b",11.50041420,4049.13390518
"TOI-7041 b",11.43316031,114.41822652
"HD 21520 b",2.69700000,17.70000000
"Kepler-20 d",2.60600000,13.40000000
"Kepler-20 b",1.77300000,9.70000000
"TOI-7149 b",13.20000000,224.00000000
"TOI-4504 d",11.26000000,643.00000000
"KOI-1843.03",0.61000000,8.00000000
"TOI-2443 b",2.36300000,4.80000000
"Kepler-105 c",1.44000000,5.60000000
"ZTF J1230-2655 b",13.78704626,7024.00779470
"ZTF J1828+2308 b",11.13051784,6356.56814000
"Kepler-26 c",2.72000000,6.20000000
"Kepler-102 d",1.15400000,3.00000000
"TOI-2076 e",1.30100000,4.70000000
"TOI-201 c",10.40000000,4990.00000000
"HD 135344 A b",16.25302201,3178.28407000
"HD 224018 b",0.91000000,4.10000000
"HD 224018 c",2.42000000,10.40000000
"HD 224018 d",2.40000000,4.20000000
"TOI-1203 b",1.52000000,3.51000000
"NGTS-32 b",15.91675259,181.16219199
"HD 143811 AB b",15.69257298,1938.75328270
"Kepler-107 c",1.59700000,10.00000000
"TOI-7510 b",7.31000000,18.10000000
"TOI-7510 c",10.81000000,131.00000000
"TOI-7510 d",10.52000000,190.00000000
"TOI-1422 c",2.61000000,14.00000000
"TOI-1472 c",3.33400000,21.13000000
"CD-35 2722 b",17.37392009,9375.93800650
"V2376 Ori b",87.20586985,6356.56814000
"NGTS-34 b",3.65000000,19.10000000
"Kepler-11 e",4.19000000,8.00000000
"TOI-5789 c",2.86000000,5.00000000
"LHS 1903 e",1.73200000,5.79000000
"TOI-4336 A c",1.25100000,1.55000000
"WISPIT 2 c",17.93436912,3178.28407000
"Kepler-107 b",1.53600000,3.80000000
"TIC 147027702 b",10.92875618,346.43296363
"TIC 245076932 b",10.87271128,162.09248757
"TIC 183374187 b",14.03364384,177.98390792
"Kepler-25 c",5.21700000,15.20000000
"NGTS-38 b",12.11690814,1516.04150139
"bet Pic d",14.12331568,762.78817680
"TOI-260 b",1.71000000,4.23000000
"NGTS-39 b",12.19537100,466.25427307
"HD 60779 b",3.24600000,14.19000000
"Kepler-37 d",2.03000000,2.00000000
"Kepler-25 b",2.74800000,8.70000000
"Kepler-93 b",1.47800000,4.66000000
"Kepler-409 b",1.19900000,6.00000000
"KOI-1783.01",8.86000000,71.00000000
"Kepler-447 b",18.49000000,435.41000000
"Kepler-411 c",4.42100000,26.40000000
"Kepler-45 b",10.76000000,160.49700000
"Kepler-91 b",15.32270300,257.44230000
"Kepler-427 b",13.79000000,92.17000000
"Kepler-462 b",3.00000000,53.90000000
"Kepler-114 c",1.60000000,2.80000000
"TrES-2 b",15.24424000,473.56670000
"Kepler-23 c",3.00500000,7.81000000
"Kepler-79 d",7.15000000,5.30000000
"Kepler-12 b",19.66058600,137.30256000
"Kepler-113 c",2.18000000,8.70000000
"Kepler-18 d",6.98000000,16.40000000
"Kepler-60 b",1.71000000,4.19000000
"Kepler-113 b",1.82000000,11.70000000
"Kepler-85 b",1.77800000,1.84000000
"Kepler-48 d",2.04000000,7.93000000
"Kepler-106 e",2.56000000,11.17000000
"Kepler-114 d",2.53000000,3.90000000
"Kepler-103 c",5.45390000,58.47000000
"Kepler-106 b",0.82000000,5.30000000
"Kepler-100 b",1.34000000,4.01000000
"Kepler-100 d",1.61000000,3.00000000
"Kepler-101 c",1.25000000,3.78000000
"Kepler-20 f",0.95200000,1.40000000
"Kepler-102 f",0.86100000,4.30000000
"Kepler-102 c",0.56700000,1.70000000
"Kepler-102 b",0.46000000,1.10000000
"KOI-94 b",1.71000000,10.50000000
"Kepler-37 c",0.75500000,1.30000000
"Kepler-37 b",0.30980000,0.79000000
"Kepler-68 c",0.97900000,1.30000000
"Kepler-34 b",8.56400000,69.92000000
"Kepler-276 d",2.80000000,16.30000000
"Kepler-57 c",2.19600000,6.86000000
"Kepler-128 c",1.52100000,3.38000000
"Kepler-58 c",2.86000000,53.00000000
"Kepler-289 b",2.49000000,3.70000000
"Kepler-129 c",2.52000000,43.00000000
"Kepler-129 b",2.40000000,20.00000000
"Kepler-36 c",3.67900000,7.13000000
"Kepler-138 b",0.64000000,0.07000000
"Kepler-98 b",1.99000000,3.55000000
"Kepler-145 b",2.65000000,37.10000000
"Kepler-1655 b",2.21300000,5.40000000
"Kepler-131 b",2.41000000,16.13000000
"Kepler-99 b",1.48000000,6.15000000
"KOI-2513.01",2.80224517,7310.05336100
"Kepler-111 c",7.08407580,222.47988490
"Kepler-391 b",2.50000000,1100.00000000
"Kepler-406 b",1.43000000,6.35000000
"Kepler-97 b",1.48000000,3.51000000
"KOI-134 b",12.03844527,346.43296363
"Kepler-51 d",9.70000000,7.60000000
"Kepler-396 c",5.30000000,17.90000000
"Kepler-51 c",9.00000000,4.00000000
"Kepler-92 b",3.51000000,64.30000000
"Kepler-138 c",1.51000000,2.30000000
"Kepler-122 f",1.75000000,36.00000000
"Kepler-1876 b",0.85300000,2.40000000
"Kepler-462 c",4.00000000,6.00000000
"Kepler-414 c",3.01000000,29.90000000
"Kepler-350 d",2.80000000,14.90000000
"Kepler-85 c",1.97800000,2.15000000
"Kepler-60 c",1.90000000,3.85000000
"Kepler-60 d",1.99000000,4.16000000
"Kepler-417 b",2.31000000,11.00000000
"Kepler-415 b",1.21000000,119.90000000
"Kepler-305 c",3.30000000,6.00000000
"Kepler-305 d",2.76000000,6.20000000
"Kepler-307 c",2.20000000,3.64000000
"Kepler-414 b",1.71000000,3.50000000
"Kepler-411 b",2.40100000,25.60000000
"Kepler-323 b",1.38100000,3.90000000
"KOI-1831 d",1.13000000,2.23000000
"Kepler-11 f",2.49000000,2.00000000
"Kepler-138 d",1.51000000,2.10000000
"Kepler-338 e",1.56000000,8.50000000
"Kepler-35 b",8.16000000,40.36300000
"Kepler-38 b",4.30000000,122.00000000
"Kepler-106 d",0.95000000,8.10000000
"Kepler-238 f",2.00000000,13.50000000
"Kepler-22 b",2.10000000,9.10000000
"Kepler-79 e",3.53000000,3.80000000
"Kepler-279 d",3.10000000,37.50000000
"Kepler-101 b",5.77000000,51.10000000
"Kepler-87 c",6.14000000,6.40000000
"Kepler-396 b",3.50000000,75.50000000
"Kepler-11 g",3.33000000,25.00000000
"Kepler-51 b",7.10000000,2.10000000
"Kepler-27 c",4.90000000,4385.87000000
"Kepler-30 b",3.90000000,11.30000000
"Kepler-75 b",11.77000000,3209.90000000
"Kepler-131 c",0.84000000,8.25000000
"Kepler-92 c",2.60000000,6.10000000
"Kepler-139 d",1.69500000,4.65807623
"Kepler-406 c",0.85000000,2.71000000
"Kepler-117 c",12.34100000,584.78000000
"Kepler-62 c",0.54000000,4.00000000
"Kepler-62 f",1.41000000,35.00000000
"Kepler-9 b",8.29000000,43.40000000
"Kepler-5 b",15.98403400,670.93913000
"Kepler-30 d",8.80000000,23.10000000
"Kepler-391 c",2.88000000,450.00000000
"Kepler-10 b",1.47000000,3.24000000
"KOI-94 c",4.32000000,15.60000000
"Kepler-79 c",3.76000000,4.60000000
"Kepler-1972 b",0.80200000,2.02000000
"Kepler-80 b",2.67000000,6.93000000
"Kepler-117 b",8.05900000,29.87500000
"Kepler-1705 b",2.03000000,4.47000000
"KOI-4777.01",0.51000000,99.20000000
"Kepler-10 c",2.35500000,11.29000000
"KOI-94 e",6.56000000,35.00000000
"Kepler-79 b",3.51000000,7.60000000
"Kepler-53 b",2.89000000,111.00000000
"Kepler-428 b",12.11000000,403.63000000
"Kepler-238 e",5.60000000,169.70000000
"Kepler-411 d",3.31900000,15.20000000
"KOI-3503 b",1.19000000,9.20000000
"Kepler-19 b",2.20900000,6.10000000
"KOI-1833 d",2.58000000,11.02000000
"Kepler-328 b",2.30000000,28.50000000
"Kepler-27 b",4.00000000,2895.31000000
"PH2 b",9.33708092,87.08498352
"Kepler-1513 b",8.59400000,48.30991786
"KOI-3680 b",11.09691000,613.41190000
"Kepler-1514 b",12.41957200,1678.14240000
"Kepler-454 b",2.37000000,5.40000000
"Kepler-539 b",8.37312300,308.29510000
"KOI-1783.02",5.44000000,15.00000000
"KOI-1599.02",1.90000000,9.00000000
"Kepler-28 b",1.95900000,1.63000000
"Kepler-46 b",9.05700000,1907.00000000
"Kepler-82 b",4.07000000,12.15000000
"Kepler-434 b",12.67000000,908.96000000
"Kepler-435 b",22.31000000,266.97000000
"Kepler-103 b",3.48570000,11.67000000
"Kepler-145 c",4.32000000,79.40000000
"KOI-3503 c",1.21000000,10.36000000
"Kepler-177 c",8.73000000,14.70000000
"Kepler-109 b",2.49000000,4.90000000
"Kepler-1972 c",0.86800000,2.11000000
"Kepler-62 d",1.95000000,14.00000000
"Kepler-425 b",10.96200000,79.45000000
"Kepler-49 b",2.57900000,9.77000000
"Kepler-96 b",2.67000000,8.46000000
"Kepler-39 b",13.90000000,6388.10000000
"KOI-142 b",3.43800000,9.50000000
"HAT-P-7 b",16.92559000,584.80720000
"Kepler-32 b",2.20000000,1303.00000000
"Kepler-433 b",16.25000000,896.24000000
"Kepler-48 b",1.88000000,3.94000000
"Kepler-223 d",5.24000000,8.00000000
"Kepler-7 b",18.18099800,140.16303000
"KOI-12 b",13.78707000,349.61300000
"Kepler-29 b",2.55000000,5.00000000
"Kepler-40 b",13.11000000,699.20000000
"K2-27 b",4.74000000,30.20000000
"K2-19 d",1.04400000,6.20000000
"K2-36 c",3.20000000,7.90000000
"K2-36 b",1.43000000,4.30000000
"Kepler-74 b",10.76000000,200.22000000
"WASP-85 A b",13.89916000,402.05495000
"Kepler-553 b",4.74139884,116.00736855
"K2-24 c",7.93000000,16.40000000
"K2-24 b",5.63800000,20.60000000
"K2-37 d",2.31000000,12.50000000
"K2-31 b",11.88154000,563.83042000
"K2-32 b",5.29900000,15.00000000
"K2-32 d",3.48400000,6.70000000
"K2-32 c",3.13400000,8.10000000
"K2-33 b",5.04000000,1175.97100000
"K2-55 b",4.43000000,44.00000000
"K2-265 b",1.70824866,7.34183620
"K2-60 b",7.65574700,135.39558000
"K2-66 b",2.49000000,21.30000000
"K2-73 b",2.58000000,9.20000000
"K2-39 b",6.27704000,28.60470000
"K2-85 b",1.40000000,3.20000000
"K2-79 b",4.15000000,5.90000000
"K2-111 b",1.83700000,5.35000000
"K2-180 b",2.46597575,11.41003981
"K2-97 b",13.45077684,174.48779544
"K2-182 b",2.71257333,20.97667486
"K2-98 b",5.06645928,34.00763955
"K2-114 b",10.59248676,638.83509807
"K2-115 b",11.80305668,321.00669107
"K2-419 A b",10.55000000,196.00000000
"K2-105 b",3.40000000,15.40000000
"K2-121 b",7.16000000,51.00000000
"K2-146 b",2.05000000,5.77000000
"K2-100 b",3.88000000,21.80000000
"Kepler-538 b",2.21500000,12.90000000
"K2-110 b",2.59200000,15.90000000
"Kepler-52 c",1.84000000,45.40000000
"K2-99 b",11.88151954,276.51071409
"K2-199 b",1.73000000,6.90000000
"K2-199 c",2.85000000,12.40000000
"Kepler-595 c",1.00900000,3.30000000
"Kepler-595 b",3.70800000,17.40000000
"Kepler-100 c",2.20000000,7.05000000
"Kepler-1704 b",11.94877343,1322.16617312
"Kepler-11 c",2.87000000,2.90000000
"Kepler-9 c",8.08000000,29.90000000
"Kepler-30 c",12.30000000,640.00000000
"Kepler-80 c",2.74000000,6.74000000
"Kepler-28 c",1.85700000,2.06000000
"Kepler-82 c",5.34000000,13.90000000
"Kepler-62 b",1.31000000,9.00000000
